{"train_loss":2.204680276918225e-05,"mean_n_completed_tasks":0,"test_mean_score":0,"SR_test_L5":0,"epoch":192,"mean_time":0.0062940171786717,"_runtime":13430.807489162,"sim_video_eval":{"size":394328,"path":"media/videos/sim_video_eval_96060_e1f07624eb7119e0d0c8.mp4","width":960,"height":480,"_type":"video-file","sha256":"e1f07624eb7119e0d0c87cf45e0ce984e29eeb06ff3d4a26a27f578ce2f4484f"},"_wandb":{"runtime":13430},"SR_test_L3":0,"bc_loss":2.204680276918225e-05,"global_step":101998,"_step":101998,"_timestamp":1.7775339649524748e+09,"mean_success_rates":0,"train_action_mse_error":0.10445467382669449,"lr":9.91308324946052e-05}