cfg_idx,n_seeds,training.num_epochs,optimizer.lr,dataloader.batch_size,training.lr_warmup_steps,training.ema_decay,policy.encoder_output_dim,policy.Conditional_ConsistencyFM.num_segments,policy.Conditional_ConsistencyFM.boundary,policy.Conditional_ConsistencyFM.delta,policy.Conditional_ConsistencyFM.alpha,policy.Conditional_ConsistencyFM.eps,n_action_steps,n_obs_steps,policy.Conditional_ConsistencyFM.num_inference_step,test_mean_score_mean,test_mean_score_std,mean_n_completed_tasks_mean,mean_n_completed_tasks_std,mean_time_mean,mean_time_std
0,11,500,1e-05,256,500,0.95,64,1,0.5,1.0,1e-06,0.0001,2,6,2,0.7272727272727273,0.4453617714151233,7.272727272727272e-07,4.453617714151233e-07,0.0018522691924850662,0.0028615285696156627
3,3,,,,,,,,,,,,,,,0.3416666666666666,0.08816020770292131,1.3666666666666665,0.35264083081168524,0.006898811626783658,6.006257782076843e-05
1,3,,,,,,,,,,,,,,,0.0033333333333333335,0.0023570226039551583,0.013333333333333334,0.009428090415820633,0.006666018656321934,9.052415015744417e-05
2,3,,,,,,,,,,,,,,,0.0033333333333333335,0.0023570226039551583,0.013333333333333334,0.009428090415820633,0.007024387904575893,5.79953064648627e-05
4,3,,,,,,,,,,,,,,,nan,nan,nan,nan,nan,nan
5,3,,,,,,,,,,,,,,,0.0016666666666666668,0.0023570226039551583,0.006666666666666667,0.009428090415820633,0.0069407759321496836,4.2037067202157566e-05
6,3,,,,,,,,,,,,,,,nan,nan,nan,nan,nan,nan
7,2,,,,,,,,,,,,,,,0.0,0.0,0.0,0.0,0.0068624226706368585,1.964030947004076e-05
