{"train_action_mse_error":0.47116681933403015,"global_step":71,"SR_test_L5":0,"mean_time":0.006589166777474539,"epoch":2,"lr":1.44e-05,"_wandb":{"runtime":33},"test_mean_score":0,"train_loss":0.00011658779112622142,"_step":71,"_timestamp":1.7769241559113078e+09,"_runtime":33.203581239,"SR_test_L3":0,"sim_video_eval":{"size":338711,"path":"media/videos/sim_video_eval_29_6bc347292c4a2e0277b6.mp4","width":960,"height":480,"_type":"video-file","sha256":"6bc347292c4a2e0277b6785be00a870696c86b497e48d07bc708a98a6107fbc9"},"mean_success_rates":0,"mean_n_completed_tasks":0,"bc_loss":0.00011658779112622142}