{"train/sim_video_eval":{"size":382556,"path":"media/videos/train/sim_video_eval_14004_c5b54c533b40e23be746.mp4","width":960,"height":480,"_type":"video-file","sha256":"c5b54c533b40e23be74653771542d24cff4331f00bbf6b86348994c393fd2b26"},"train/SR_test_L5":0.2725,"_step":14999,"train/step":14999,"train/mean_inference_latency_ms":6.873251370021275,"train/mean_n_completed_tasks":1.05,"train/global_step":14999,"train/bc_loss":7.773579682179843e-07,"train/test_mean_score":0.2625,"_timestamp":1.7778481125440617e+09,"train/train_action_mse_error":0.0016079859342426062,"train/success_rate_k4":0,"train/success_rate_k1":0.7,"train/mean_time":0.006873251370021274,"train/std_inference_latency_ms":0.1504143764214645,"train/success_rate_k3":0,"train/epoch":2999,"train/success_rate_k2":0.35,"_wandb":{"runtime":2202},"train/train_loss":8.277112442556244e-07,"train/SR_test_L3":0.2833333333333334,"train/lr":0,"train/mean_success_rates":0.2625,"_runtime":2202}