{"SR_test_L5":0.7224999999999999,"_step":96030,"SR_test_L3":0.7583333333333333,"global_step":96030,"mean_time":0.006708780886012925,"test_mean_score":0.75,"epoch":2999,"bc_loss":5.5097391538083684e-08,"sim_video_eval":{"sha256":"6c5a49f028d4a92005dc00a881a2b658808835087234b317c05a61462bb0da98","size":414403,"width":960,"_type":"video-file","height":480,"path":"media/videos/sim_video_eval_89661_6c5a49f028d4a92005dc.mp4"},"lr":2.599898305533088e-11,"train_loss":3.7007984421411066e-07,"mean_success_rates":0.75,"mean_n_completed_tasks":3,"_timestamp":1.776493345000816e+09,"train_action_mse_error":0.0008484144927933812,"_wandb":{"runtime":12655},"_runtime":12655}