{"epoch":33,"SR_test_L3":0,"_runtime":3325.738324416,"_step":30336,"_timestamp":1.7769240911073966e+09,"bc_loss":9.53991366259288e-06,"lr":9.997071250890373e-05,"_wandb":{"runtime":3325},"mean_n_completed_tasks":0,"test_mean_score":0,"global_step":30336,"train_loss":9.53991366259288e-06,"mean_success_rates":0,"SR_test_L5":0,"train_action_mse_error":0.019028764218091965,"mean_time":0.006583139726093837,"sim_video_eval":{"_type":"video-file","sha256":"ddc727f7a7a689c1a83ff22bf33e72ccbff2b3195967f4ea57897cbda4b7c666","size":345288,"path":"media/videos/sim_video_eval_911_ddc727f7a7a689c1a83f.mp4","width":960,"height":480}}