{"_wandb":{"runtime":553},"mean_time":0.0062574021359707455,"train_loss":8.04716364655178e-06,"test_mean_score":0,"sim_video_eval":{"width":960,"height":480,"_type":"video-file","sha256":"a4a6d7f846fb0bf119407dee52f4abd2cac308539001fa38e55a4b7c600cadba","size":438109,"path":"media/videos/sim_video_eval_30_a4a6d7f846fb0bf11940.mp4"},"SR_test_L3":0,"global_step":6430,"lr":9.905133969133937e-05,"train_action_mse_error":0.005416690371930599,"mean_n_completed_tasks":0,"bc_loss":8.04716364655178e-06,"_step":6430,"SR_test_L5":0,"epoch":200,"_runtime":553.864063582,"mean_success_rates":0,"_timestamp":1.7764846119256067e+09}