{"test_mean_score":0.75,"mean_time":0.006708780886012925,"mean_success_rates":0.75,"sim_video_eval":{"_type":"video-file","sha256":"6c5a49f028d4a92005dc00a881a2b658808835087234b317c05a61462bb0da98","size":414403,"path":"media/videos/sim_video_eval_89661_6c5a49f028d4a92005dc.mp4","width":960,"height":480},"mean_n_completed_tasks":3,"SR_test_L5":0.7224999999999999,"epoch":2999,"train_action_mse_error":0.0008484144927933812,"SR_test_L3":0.7583333333333333,"_runtime":9154.099549793,"_timestamp":1.776493345000816e+09,"lr":2.5998983055330882e-11,"_wandb":{"runtime":9154},"_step":96030,"bc_loss":5.5097391538083684e-08,"train_loss":3.7007984421411066e-07,"global_step":96030}