{"train/test_mean_score":0.4,"train/mean_time":0.00675665020942688,"train/SR_test_L3":0.45,"train/success_rate_k2":0.75,"train/mean_success_rates":0.4,"train/step":92999,"train/mean_n_completed_tasks":1.6,"_step":92999,"train/global_step":92999,"_timestamp":1.7778603686349056e+09,"train/bc_loss":4.545750471152132e-06,"train/train_loss":5.348412962062397e-06,"train/train_action_mse_error":0.008939963765442371,"train/mean_inference_latency_ms":6.75665020942688,"train/epoch":2999,"train/sim_video_eval":{"sha256":"5b4b5657ece38fde9bf2b752042fd6261f275be045a646514ecf138dd6795a2b","size":376362,"path":"media/videos/train/sim_video_eval_86830_5b4b5657ece38fde9bf2.mp4","width":960,"height":480,"_type":"video-file"},"train/success_rate_k3":0,"train/std_inference_latency_ms":0.09504035342436883,"train/SR_test_L5":0.43,"train/success_rate_k1":0.85,"train/success_rate_k4":0,"_wandb":{"runtime":10954},"train/lr":0,"_runtime":10954}