{"mean_time":0.006608954497746058,"_runtime":10784.009927851,"SR_test_L5":0.33999999999999997,"sim_video_eval":{"_type":"video-file","sha256":"8332d861c88c1f237d8e6dd33484c93038a3dbc85afd7e4985068071ee202156","size":374084,"path":"media/videos/sim_video_eval_86829_8332d861c88c1f237d8e.mp4","width":960,"height":480},"test_mean_score":0.0625,"_step":92999,"_timestamp":1.776949470937107e+09,"mean_success_rates":0.0625,"train_action_mse_error":0.008805115707218647,"train_loss":5.377327111531368e-06,"lr":0,"_wandb":{"runtime":10784},"global_step":92999,"bc_loss":6.434833721868927e-06,"mean_n_completed_tasks":0.25,"epoch":2999,"SR_test_L3":0.3625}