{"train_loss":3.7007984421411066e-07,"_timestamp":1.776493345000816e+09,"bc_loss":5.509739153808368e-08,"train_action_mse_error":0.0008484144927933812,"SR_test_L5":0.7224999999999999,"mean_success_rates":0.75,"SR_test_L3":0.7583333333333333,"_step":96030,"epoch":2999,"sim_video_eval":{"height":480,"path":"media/videos/sim_video_eval_89661_6c5a49f028d4a92005dc.mp4","sha256":"6c5a49f028d4a92005dc00a881a2b658808835087234b317c05a61462bb0da98","size":414403,"width":960,"_type":"video-file"},"test_mean_score":0.75,"_wandb":{"runtime":12692},"global_step":96030,"mean_n_completed_tasks":3,"_runtime":12692,"mean_time":0.006708780886012925,"lr":2.599898305533088e-11}